<?xml version="1.0" encoding="UTF-8"?><idempiere Name="org.idempiere.mfg" Version="1.0.2" idempiereVersion="" DataBaseVersion="" Description="" Author="" AuthorEmail="" CreatedDate="2024-07-10 09:54:40.3" UpdatedDate="2024-07-10 09:54:40.3" PackOutVersion="100" UpdateDictionary="false" Client="0-SYSTEM-System" AD_Client_UU="11237b53-9592-4af1-b3c5-afd216514b5d">
    <SQLStatement type="custom">
        <DBType>Postgres</DBType>
        <statement><![CDATA[ UPDATE AD_Process 
 SET classname ='org.libero'||SUBSTRING(classname,15,70)
 WHERE SUBSTRING(classname,0,15) = 'org.eevolution';]]></statement>
    </SQLStatement>
    <SQLStatement type="custom">
        <DBType>Postgres</DBType>
        <statement><![CDATA[UPDATE AD_Form 
 SET classname ='org.libero'||SUBSTRING(classname,15,70)
 WHERE SUBSTRING(classname,0,15) = 'org.eevolution';]]></statement>
    </SQLStatement>
    <SQLStatement type="custom">
        <DBType>Postgres</DBType>
        <statement><![CDATA[UPDATE AD_Column  SET callout = null
 WHERE SUBSTRING(callout,0,21) = 'org.eevolution.model';]]></statement>
    </SQLStatement>
</idempiere>
